order_item_id,order_id,product_id,quantity,unit_price
1,O00380,P033,2.0,
2,O00857,P010,1.0,
3,O00589,P007,2.0,77415.0
4,O00112,P045,2.0,49066.0
5,O00322,P036,2.0,58380.0
6,O00137,P023,1.0,
7,O00288,P070,0.0,
8,O00046,P062,2.0,87380.0
9,O00409,P015,1.0,
10,O00395,P022,2.0,
11,O00609,P006,3.0,12037.0
12,O01134,P076,3.0,74274.0
13,O00147,P072,,
14,O00103,P040,,27760.0
15,O00766,P044,2.0,49981.0
16,O00084,P066,,
17,O00327,P080,3.0,
18,O00913,P065,1.0,55890.0
19,O00648,P022,,
20,O01129,P069,3.0,
21,O00594,P076,0.0,59441.0
22,O00835,P067,4.0,33632.0
23,O00065,P070,3.0,39413.0
24,O00262,P005,3.0,64252.0
25,O00586,P010,2.0,60248.0
26,O00549,P040,4.0,
27,O00912,P047,0.0,
28,O00418,P030,4.0,86798.0
29,O00693,P062,3.0,3196.0
30,O00305,P071,1.0,45795.0
31,O00250,P053,1.0,58339.0
32,O00144,P030,3.0,45160.0
33,O00882,P014,0.0,25382.0
34,O00065,P014,3.0,26826.0
35,O00310,P063,1.0,18188.0
36,O00200,P054,4.0,38823.0
37,O00208,P020,3.0,
38,O00426,P021,3.0,
39,O00312,P052,2.0,
40,O00823,P023,1.0,56996.0
41,O01173,P025,2.0,
42,O00335,P015,3.0,58610.0
43,O00231,P077,3.0,3653.0
44,O00478,P050,2.0,
45,O00684,P048,1.0,43082.0
46,O01134,P017,0.0,
47,O00068,P027,1.0,
48,O00782,P038,1.0,
49,O00381,P030,4.0,77807.0
50,O00851,P016,1.0,75924.0
51,O00288,P067,0.0,
52,O01139,P066,4.0,
53,O00789,P028,4.0,41806.0
54,O00680,P047,1.0,
55,O00334,P043,4.0,32506.0
56,O00660,P032,3.0,
57,O00232,P049,0.0,5975.0
58,O00494,P035,4.0,63803.0
59,O00478,P002,1.0,87951.0
60,O01169,P060,2.0,
61,O00369,P077,4.0,72873.0
62,O00124,P021,1.0,35077.0
63,O00863,P012,3.0,
64,O01185,P059,1.0,
65,O01009,P012,2.0,
66,O01008,P056,4.0,67556.0
67,O00618,P038,0.0,46592.0
68,O00085,P022,1.0,67925.0
69,O00460,P015,3.0,
70,O00186,P029,4.0,47894.0
71,O00232,P078,,74303.0
72,O00057,P037,1.0,82020.0
73,O00163,P015,3.0,87048.0
74,O00502,P018,3.0,
75,O01199,P044,2.0,
76,O01138,P047,2.0,
77,O00333,P021,0.0,26913.0
78,O01153,P047,4.0,
79,O00502,P023,0.0,
80,O00827,P048,0.0,
81,O00161,P049,2.0,43040.0
82,O00615,P052,1.0,66145.0
83,O00011,P026,,
84,O00679,P072,2.0,25409.0
85,O00703,P072,,
86,O00732,P020,,42154.0
87,O00887,P071,,18565.0
88,O01035,P079,1.0,18662.0
89,O00354,P040,3.0,
90,O01116,P070,,
91,O00206,P022,4.0,
92,O00282,P047,4.0,
93,O01174,P008,0.0,
94,O00863,P079,,
95,O00958,P035,1.0,
96,O00920,P003,,31116.0
97,O00977,P012,0.0,
98,O00262,P024,2.0,42160.0
99,O00144,P078,1.0,18261.0
100,O00609,P048,1.0,
101,O01101,P080,0.0,
102,O01002,P021,0.0,39349.0
103,O00871,P039,0.0,
104,O00048,P057,,
105,O00953,P008,0.0,
106,O00189,P040,1.0,87671.0
107,O00812,P079,,19809.0
108,O00651,P033,,61817.0
109,O00334,P059,2.0,29895.0
110,O00697,P035,0.0,
111,O01090,P018,0.0,41057.0
112,O01035,P006,2.0,
113,O01035,P057,3.0,61489.0
114,O00947,P065,4.0,4482.0
115,O00690,P052,2.0,21964.0
116,O01012,P064,0.0,87243.0
117,O00508,P021,,21196.0
118,O01133,P024,4.0,
119,O01000,P026,0.0,33602.0
120,O00106,P074,1.0,35561.0
121,O00580,P045,0.0,16884.0
122,O00364,P037,4.0,
123,O00074,P041,4.0,1249.0
124,O00309,P033,2.0,
125,O00505,P033,2.0,
126,O00793,P052,4.0,62219.0
127,O00463,P052,0.0,
128,O01056,P013,2.0,
129,O00459,P066,2.0,
130,O00611,P072,4.0,51854.0
131,O00239,P020,1.0,
132,O00868,P021,4.0,
133,O00996,P057,0.0,67021.0
134,O01150,P013,1.0,27114.0
135,O00056,P005,0.0,
136,O00689,P069,4.0,29524.0
137,O00624,P076,0.0,
138,O00979,P074,2.0,85963.0
139,O00307,P048,1.0,
140,O00285,P072,2.0,
141,O00128,P033,,
142,O00912,P074,1.0,
143,O00352,P027,1.0,34509.0
144,O00860,P012,3.0,
145,O00914,P033,1.0,40337.0
146,O00956,P029,3.0,32804.0
147,O00522,P015,2.0,
148,O00131,P043,0.0,15174.0
149,O00498,P033,4.0,
150,O00285,P027,3.0,5806.0
151,O01095,P050,4.0,86377.0
152,O00279,P029,3.0,
153,O00186,P080,,58762.0
154,O00937,P075,,63388.0
155,O00605,P023,4.0,
156,O00621,P020,1.0,
157,O00034,P060,,
158,O00108,P011,0.0,49358.0
159,O00727,P002,1.0,34931.0
160,O00432,P076,2.0,26248.0
161,O00642,P017,3.0,
162,O00811,P019,0.0,
163,O00369,P020,3.0,3870.0
164,O00295,P057,0.0,
165,O00287,P044,1.0,
166,O01200,P022,1.0,
167,O00046,P038,3.0,
168,O01048,P015,1.0,
169,O00230,P039,1.0,
170,O00488,P079,4.0,84451.0
171,O00314,P016,1.0,69521.0
172,O00390,P039,4.0,59186.0
173,O00649,P014,4.0,30891.0
174,O00356,P026,3.0,63944.0
175,O00999,P051,,73898.0
176,O00626,P015,,6530.0
177,O00381,P034,2.0,21109.0
178,O01080,P050,,37198.0
179,O00395,P020,,
180,O00147,P055,2.0,
181,O00022,P016,,3183.0
182,O00440,P011,1.0,81463.0
183,O01081,P020,3.0,77824.0
184,O00766,P009,1.0,15310.0
185,O01162,P039,,3534.0
186,O00844,P047,2.0,
187,O00167,P003,1.0,
188,O00075,P062,1.0,
189,O00608,P078,,
190,O00535,P038,4.0,58815.0
191,O01002,P076,2.0,
192,O01106,P073,0.0,13790.0
193,O00345,P040,,
194,O00468,P013,4.0,
195,O00554,P076,0.0,37413.0
196,O00765,P038,2.0,76291.0
197,O00301,P003,3.0,60818.0
198,O01187,P039,,
199,O01065,P013,,65979.0
200,O00425,P030,3.0,16064.0
201,O00919,P066,,39176.0
202,O01159,P048,2.0,55033.0
203,O01174,P077,,32592.0
204,O01155,P060,3.0,
205,O00758,P018,,
206,O01048,P072,1.0,11423.0
207,O00265,P023,3.0,
208,O00253,P052,4.0,
209,O00542,P039,0.0,
210,O00155,P061,0.0,86125.0
211,O00557,P006,2.0,52389.0
212,O00550,P010,4.0,26649.0
213,O00615,P022,0.0,74631.0
214,O00412,P052,0.0,75650.0
215,O00046,P066,4.0,25631.0
216,O00595,P019,,45255.0
217,O00004,P005,1.0,
218,O00468,P072,2.0,48108.0
219,O01104,P059,4.0,44572.0
220,O00124,P077,3.0,
221,O01089,P022,1.0,
222,O01120,P062,3.0,
223,O00328,P019,0.0,
224,O01112,P043,3.0,
225,O01199,P035,2.0,
226,O00731,P056,2.0,50794.0
227,O00746,P002,4.0,83748.0
228,O00862,P001,1.0,30940.0
229,O00393,P033,2.0,
230,O00331,P060,0.0,
231,O00575,P032,4.0,
232,O01144,P008,3.0,
233,O01070,P016,,3756.0
234,O01043,P071,2.0,
235,O00309,P070,4.0,35845.0
236,O01197,P052,2.0,
237,O00442,P074,0.0,83343.0
238,O00097,P077,4.0,26396.0
239,O00280,P073,0.0,
240,O01045,P065,3.0,
241,O00282,P005,3.0,34317.0
242,O00196,P020,3.0,57368.0
243,O00812,P058,4.0,62222.0
244,O00988,P015,0.0,
245,O00575,P015,2.0,
246,O00337,P027,2.0,28405.0
247,O00716,P022,3.0,25651.0
248,O00032,P058,4.0,
249,O00807,P008,2.0,
250,O01028,P009,4.0,
251,O00987,P062,0.0,
252,O00252,P053,2.0,
253,O00847,P076,4.0,32169.0
254,O00053,P040,0.0,65419.0
255,O01148,P051,1.0,
256,O01049,P042,1.0,80536.0
257,O01028,P026,2.0,
258,O00845,P004,1.0,8269.0
259,O01095,P063,0.0,65624.0
260,O01034,P013,,50612.0
261,O01134,P002,4.0,83322.0
262,O00270,P053,,9582.0
263,O00888,P070,,
264,O00935,P063,1.0,
265,O00863,P064,0.0,
266,O00398,P015,0.0,79531.0
267,O01093,P039,1.0,80383.0
268,O00300,P022,,
269,O01133,P061,2.0,47054.0
270,O00927,P049,1.0,
271,O00466,P043,3.0,
272,O00141,P073,4.0,
273,O00169,P056,4.0,
274,O00384,P080,0.0,63653.0
275,O00159,P062,,6915.0
276,O00571,P022,1.0,20373.0
277,O01139,P033,1.0,
278,O00900,P072,2.0,
279,O01061,P049,2.0,70309.0
280,O00248,P079,,
281,O00661,P032,4.0,68636.0
282,O00615,P045,2.0,
283,O00166,P072,3.0,
284,O01056,P068,3.0,
285,O00351,P016,2.0,1124.0
286,O00909,P071,0.0,9421.0
287,O00901,P043,1.0,21420.0
288,O00092,P018,3.0,
289,O00517,P075,1.0,
290,O00277,P063,1.0,
291,O00250,P040,2.0,
292,O00429,P034,1.0,24846.0
293,O00005,P062,,
294,O01024,P024,3.0,
295,O01127,P052,,59721.0
296,O00780,P033,,
297,O00812,P018,,
298,O00265,P032,0.0,
299,O00123,P026,3.0,1827.0
300,O00287,P042,1.0,37939.0
301,O00295,P070,2.0,
302,O00722,P012,3.0,
303,O00083,P021,2.0,
304,O01034,P012,0.0,
305,O00195,P017,2.0,
306,O00354,P053,0.0,
307,O00298,P004,4.0,
308,O00015,P031,,58098.0
309,O00821,P059,,
310,O01018,P050,1.0,39396.0
311,O00448,P037,3.0,
312,O01099,P056,3.0,59240.0
313,O00029,P025,0.0,63996.0
314,O00511,P049,,
315,O00198,P058,1.0,75295.0
316,O00382,P055,3.0,65815.0
317,O00165,P051,1.0,
318,O00365,P066,4.0,
319,O00861,P062,4.0,45952.0
320,O00098,P072,1.0,
321,O01120,P051,0.0,21448.0
322,O01138,P053,,17811.0
323,O00900,P042,4.0,62359.0
324,O00246,P076,4.0,
325,O00581,P023,3.0,
326,O00368,P053,0.0,4278.0
327,O01046,P069,4.0,
328,O00938,P055,1.0,62400.0
329,O00605,P026,0.0,
330,O00580,P062,2.0,41654.0
331,O00470,P026,4.0,49705.0
332,O01159,P062,4.0,48916.0
333,O01086,P014,2.0,10020.0
334,O00596,P067,1.0,77444.0
335,O00131,P053,0.0,47007.0
336,O01153,P076,2.0,32438.0
337,O00092,P043,3.0,51530.0
338,O00468,P064,0.0,
339,O00519,P064,,
340,O00777,P020,1.0,
341,O00322,P045,3.0,
342,O00917,P031,4.0,40149.0
343,O00216,P069,4.0,
344,O00464,P006,0.0,
345,O00030,P022,2.0,13111.0
346,O00836,P020,,40575.0
347,O00559,P009,2.0,73525.0
348,O00686,P017,4.0,
349,O00177,P006,1.0,64844.0
350,O00158,P005,0.0,53824.0
351,O00175,P048,4.0,31530.0
352,O00383,P024,4.0,
353,O01194,P059,0.0,
354,O00185,P077,0.0,86726.0
355,O01110,P072,1.0,25987.0
356,O00060,P047,0.0,
357,O00999,P062,1.0,73733.0
358,O00055,P050,2.0,82192.0
359,O01100,P002,1.0,59279.0
360,O00523,P076,0.0,49730.0
361,O00672,P064,2.0,
362,O00261,P039,2.0,84046.0
363,O00078,P072,4.0,76107.0
364,O00502,P033,4.0,
365,O01199,P074,1.0,78227.0
366,O00238,P076,0.0,42292.0
367,O00282,P027,4.0,
368,O00316,P063,1.0,
369,O00418,P042,4.0,1072.0
370,O00850,P038,0.0,18948.0
371,O00041,P080,0.0,28000.0
372,O00364,P069,4.0,
373,O00130,P026,3.0,53187.0
374,O00062,P003,1.0,39900.0
375,O00829,P025,,
376,O01090,P053,0.0,
377,O01149,P048,,
378,O00285,P039,3.0,68501.0
379,O00324,P035,0.0,60638.0
380,O00996,P052,0.0,74550.0
381,O00920,P033,0.0,
382,O00554,P043,2.0,
383,O00045,P056,3.0,
384,O00049,P072,3.0,
385,O00102,P066,3.0,
386,O00433,P047,1.0,84615.0
387,O00368,P044,1.0,
388,O00066,P055,3.0,12365.0
389,O00648,P064,3.0,
390,O00788,P044,4.0,82660.0
391,O00183,P072,2.0,63332.0
392,O00698,P043,2.0,33013.0
393,O01034,P078,0.0,
394,O00468,P032,2.0,
395,O00905,P033,,
396,O00465,P069,0.0,65775.0
397,O00309,P064,3.0,
398,O00438,P025,0.0,
399,O00053,P055,,
400,O00906,P006,0.0,
401,O00655,P011,3.0,
402,O00275,P063,2.0,
403,O00190,P076,1.0,
404,O00178,P049,2.0,
405,O00422,P075,3.0,
406,O00472,P062,3.0,
407,O01057,P045,1.0,65410.0
408,O00481,P026,2.0,
409,O00008,P059,4.0,
410,O00044,P044,2.0,
411,O01054,P072,0.0,85189.0
412,O00640,P047,0.0,11246.0
413,O00587,P014,,6682.0
414,O00755,P076,4.0,61671.0
415,O00756,P035,3.0,
416,O00953,P025,4.0,
417,O00552,P027,3.0,89775.0
418,O00255,P025,0.0,
419,O00020,P068,0.0,
420,O01164,P003,,64992.0
421,O00577,P077,0.0,34177.0
422,O00998,P004,4.0,75133.0
423,O00479,P068,1.0,
424,O00460,P060,2.0,
425,O01057,P019,1.0,84345.0
426,O00596,P017,4.0,55174.0
427,O00610,P001,4.0,
428,O00574,P065,1.0,
429,O00519,P052,0.0,18830.0
430,O00383,P063,2.0,20031.0
431,O00212,P017,,56043.0
432,O00178,P035,1.0,
433,O00155,P059,0.0,
434,O00592,P066,,
435,O00523,P067,2.0,
436,O00386,P012,3.0,31320.0
437,O01071,P030,1.0,7170.0
438,O00491,P024,1.0,13134.0
439,O00723,P062,0.0,28649.0
440,O00564,P039,0.0,
441,O00955,P019,,79031.0
442,O01193,P061,2.0,6562.0
443,O00040,P072,2.0,
444,O00118,P027,4.0,
445,O00250,P043,0.0,
446,O01045,P010,0.0,7238.0
447,O01057,P076,1.0,65737.0
448,O00354,P074,1.0,17905.0
449,O00221,P055,0.0,
450,O00996,P056,2.0,74529.0
451,O00647,P067,4.0,20321.0
452,O01089,P034,3.0,
453,O00755,P057,1.0,
454,O00779,P051,4.0,
455,O00645,P076,1.0,
456,O01037,P031,,
457,O01125,P007,0.0,38475.0
458,O01000,P052,3.0,
459,O00133,P022,2.0,59761.0
460,O00354,P033,4.0,59239.0
461,O01107,P015,2.0,25406.0
462,O00365,P015,3.0,78823.0
463,O00023,P019,1.0,
464,O00640,P009,0.0,59337.0
465,O00622,P079,2.0,
466,O00999,P054,4.0,
467,O00160,P076,2.0,58608.0
468,O01089,P028,,
469,O00087,P057,,24826.0
470,O00990,P009,3.0,
471,O00682,P015,3.0,
472,O00631,P062,,
473,O01163,P058,1.0,
474,O01178,P022,3.0,
475,O00907,P066,3.0,34379.0
476,O00210,P058,0.0,21450.0
477,O00205,P034,0.0,
478,O01166,P078,2.0,
479,O00174,P057,2.0,29009.0
480,O00005,P023,4.0,40971.0
481,O00778,P061,4.0,21285.0
482,O01190,P007,4.0,85492.0
483,O00782,P023,,
484,O00289,P049,3.0,
485,O01177,P047,0.0,
486,O00854,P018,2.0,85411.0
487,O00942,P010,,
488,O00233,P052,0.0,
489,O01023,P009,3.0,
490,O00900,P014,3.0,73092.0
491,O00338,P042,,33581.0
492,O00606,P036,3.0,
493,O00267,P033,0.0,
494,O00871,P074,1.0,
495,O00047,P073,3.0,
496,O01082,P076,,
497,O00504,P031,4.0,72340.0
498,O00858,P059,1.0,41014.0
499,O00505,P016,4.0,86598.0
500,O00377,P071,3.0,
501,O01170,P078,0.0,43461.0
502,O00273,P036,3.0,
503,O00845,P030,1.0,12124.0
504,O00482,P045,,25471.0
505,O00014,P044,3.0,
506,O00983,P076,0.0,68653.0
507,O00878,P023,,
508,O01090,P004,2.0,49207.0
509,O01020,P018,,55972.0
510,O00892,P022,1.0,
511,O00516,P003,0.0,
512,O00397,P004,,
513,O01124,P017,3.0,
514,O00015,P065,0.0,21697.0
515,O00507,P017,2.0,72109.0
516,O00474,P041,2.0,18536.0
517,O00526,P022,4.0,
518,O00129,P017,3.0,
519,O00349,P071,3.0,
520,O00756,P052,3.0,12513.0
521,O00413,P078,4.0,
522,O01111,P073,3.0,
523,O01132,P020,3.0,43209.0
524,O01110,P003,,
525,O00011,P024,0.0,56246.0
526,O00028,P041,1.0,20064.0
527,O00322,P059,1.0,49701.0
528,O00114,P044,0.0,21140.0
529,O00824,P059,0.0,6728.0
530,O00165,P039,3.0,
531,O00288,P041,1.0,47300.0
532,O00794,P010,3.0,73601.0
533,O00713,P058,3.0,
534,O00140,P040,0.0,
535,O00115,P020,4.0,
536,O00065,P068,3.0,
537,O00042,P053,,
538,O00385,P018,2.0,
539,O00203,P052,4.0,
540,O00947,P031,1.0,
541,O00813,P031,2.0,
542,O00109,P021,,76518.0
543,O00392,P062,3.0,
544,O00223,P010,3.0,40871.0
545,O01182,P005,3.0,
546,O00636,P010,,
547,O00334,P073,,87651.0
548,O00004,P017,1.0,
549,O00681,P002,3.0,63663.0
550,O00631,P048,,4605.0
551,O00545,P006,1.0,
552,O00429,P012,,53458.0
553,O00594,P030,3.0,86838.0
554,O01178,P072,1.0,59291.0
555,O00771,P075,3.0,70508.0
556,O00875,P063,0.0,29487.0
557,O00948,P010,4.0,17209.0
558,O00529,P017,,
559,O00024,P031,2.0,
560,O00318,P044,1.0,53600.0
561,O00113,P037,1.0,2991.0
562,O00807,P039,0.0,74538.0
563,O00412,P077,0.0,
564,O00313,P061,4.0,61800.0
565,O00662,P052,1.0,13783.0
566,O00757,P079,3.0,
567,O01042,P063,2.0,31275.0
568,O00882,P048,0.0,
569,O00502,P043,1.0,77281.0
570,O00605,P045,4.0,
571,O00953,P044,3.0,44156.0
572,O00293,P019,2.0,
573,O00085,P060,,
574,O01034,P065,1.0,1283.0
575,O00505,P028,4.0,71106.0
576,O00571,P043,3.0,
577,O00902,P010,,35575.0
578,O00024,P010,,73847.0
579,O00095,P074,3.0,3409.0
580,O00396,P054,1.0,39706.0
581,O00262,P003,3.0,
582,O00876,P031,,70351.0
583,O00282,P013,,
584,O00239,P069,0.0,34393.0
585,O01124,P013,2.0,11222.0
586,O01067,P058,2.0,24413.0
587,O00399,P067,3.0,63166.0
588,O00318,P053,,
589,O00520,P011,1.0,
590,O01030,P019,4.0,
591,O01062,P053,4.0,78514.0
592,O00161,P055,2.0,
593,O00267,P070,2.0,17778.0
594,O00372,P057,,
595,O00299,P004,,48776.0
596,O00817,P003,1.0,57557.0
597,O00117,P031,2.0,
598,O00865,P058,2.0,
599,O01058,P014,2.0,
600,O00839,P057,,15822.0
601,O00304,P056,3.0,
602,O01128,P052,4.0,21644.0
603,O01140,P049,4.0,
604,O00911,P052,0.0,13678.0
605,O00464,P072,4.0,
606,O00805,P031,0.0,
607,O00809,P011,,89620.0
608,O00018,P061,4.0,
609,O00174,P079,4.0,
610,O00788,P060,3.0,
611,O00090,P077,,21940.0
612,O00763,P048,2.0,
613,O00995,P032,4.0,52315.0
614,O00459,P056,,
615,O00734,P027,2.0,46288.0
616,O00927,P009,1.0,
617,O00073,P061,2.0,61594.0
618,O00343,P001,4.0,
619,O00946,P067,4.0,
620,O00468,P068,0.0,
621,O00117,P045,4.0,
622,O00549,P046,0.0,
623,O00175,P070,3.0,
624,O00352,P032,3.0,
625,O01072,P005,0.0,
626,O00897,P079,0.0,
627,O00216,P050,,56199.0
628,O00442,P046,1.0,84208.0
629,O00041,P019,,
630,O00650,P052,0.0,83661.0
631,O00004,P041,,36009.0
632,O00571,P003,3.0,45627.0
633,O00368,P003,1.0,10513.0
634,O00485,P001,,
635,O00776,P062,1.0,16837.0
636,O00310,P002,4.0,
637,O00766,P051,2.0,16776.0
638,O00170,P078,1.0,69031.0
639,O00836,P059,,
640,O00051,P068,0.0,
641,O00151,P011,2.0,
642,O01031,P023,3.0,45765.0
643,O00642,P008,3.0,
644,O00975,P065,4.0,27108.0
645,O00964,P067,1.0,27541.0
646,O00407,P053,2.0,
647,O01100,P040,1.0,45409.0
648,O01174,P074,2.0,54493.0
649,O00627,P010,1.0,
650,O00458,P040,,17163.0
651,O00634,P007,0.0,
652,O01073,P027,1.0,
653,O01057,P080,,56159.0
654,O00948,P031,3.0,
655,O00131,P072,3.0,83877.0
656,O01039,P023,4.0,35626.0
657,O00193,P008,3.0,
658,O00915,P062,3.0,76680.0
659,O00144,P017,1.0,
660,O01099,P010,1.0,
661,O00453,P003,2.0,
662,O01127,P001,,34936.0
663,O00777,P049,2.0,
664,O00293,P034,0.0,32950.0
665,O00517,P018,4.0,35502.0
666,O00077,P042,3.0,
667,O00062,P065,3.0,78931.0
668,O00148,P020,1.0,
669,O01069,P011,4.0,
670,O01021,P062,2.0,17015.0
671,O00356,P072,1.0,1682.0
672,O00128,P024,,
673,O00564,P076,,82299.0
674,O00149,P068,1.0,
675,O00482,P026,,
676,O01069,P015,2.0,59238.0
677,O01086,P015,2.0,74869.0
678,O00646,P036,2.0,35088.0
679,O00351,P074,1.0,89258.0
680,O01153,P030,3.0,51033.0
681,O00907,P013,4.0,
682,O00966,P021,2.0,
683,O00645,P062,0.0,
684,O00287,P068,0.0,28493.0
685,O00247,P069,2.0,
686,O00059,P024,2.0,
687,O01160,P061,3.0,
688,O01074,P029,1.0,
689,O01021,P004,0.0,
690,O00289,P014,3.0,32503.0
691,O00598,P068,3.0,50042.0
692,O00530,P073,4.0,
693,O00383,P010,,
694,O00823,P039,2.0,
695,O00012,P073,4.0,
696,O00952,P056,4.0,
697,O00355,P063,4.0,55126.0
698,O00208,P039,4.0,35587.0
699,O01074,P033,1.0,59596.0
700,O00759,P046,,4392.0
701,O00864,P021,,41406.0
702,O00120,P014,4.0,
703,O00766,P010,2.0,58585.0
704,O00880,P045,4.0,66547.0
705,O00294,P068,3.0,
706,O00021,P059,1.0,
707,O00448,P047,3.0,20698.0
708,O00843,P041,3.0,55016.0
709,O01073,P078,1.0,
710,O00715,P027,3.0,30474.0
711,O00967,P043,4.0,18131.0
712,O00002,P075,,
713,O00239,P072,,
714,O00818,P043,0.0,
715,O00724,P069,,
716,O00473,P040,3.0,55590.0
717,O00472,P037,4.0,67159.0
718,O00750,P026,3.0,
719,O00309,P029,4.0,
720,O00551,P063,0.0,
721,O00380,P027,4.0,10850.0
722,O00772,P065,0.0,
723,O01165,P016,1.0,47793.0
724,O01136,P029,4.0,11282.0
725,O00717,P048,3.0,20749.0
726,O01157,P017,1.0,
727,O00364,P074,4.0,
728,O00945,P029,4.0,35884.0
729,O00944,P001,1.0,53114.0
730,O01042,P031,,80887.0
731,O00635,P014,3.0,
732,O01068,P033,0.0,
733,O00753,P072,2.0,81763.0
734,O00758,P018,4.0,
735,O00555,P027,0.0,71451.0
736,O00555,P040,3.0,7758.0
737,O00919,P060,1.0,31193.0
738,O00781,P033,4.0,21466.0
739,O00820,P015,2.0,
740,O00325,P058,2.0,14722.0
741,O00178,P059,3.0,68841.0
742,O00770,P024,2.0,21083.0
743,O00064,P052,1.0,81086.0
744,O00392,P013,1.0,11886.0
745,O00310,P021,2.0,
746,O00155,P031,1.0,
747,O00577,P017,1.0,51939.0
748,O01076,P013,0.0,
749,O00723,P070,,13844.0
750,O00050,P075,0.0,59466.0
751,O00219,P012,3.0,
752,O00312,P052,1.0,
753,O00705,P031,3.0,
754,O00471,P043,3.0,17304.0
755,O00154,P032,,
756,O00691,P028,2.0,
757,O00180,P079,2.0,
758,O00833,P002,1.0,24004.0
759,O00957,P074,3.0,
760,O01185,P013,3.0,
761,O01046,P024,,26623.0
762,O00411,P065,,
763,O00887,P013,2.0,
764,O01017,P011,0.0,15003.0
765,O00215,P033,0.0,50638.0
766,O00920,P046,4.0,
767,O00117,P009,,
768,O01184,P048,0.0,57955.0
769,O01163,P074,4.0,79969.0
770,O00248,P024,1.0,77289.0
771,O00356,P075,4.0,
772,O00851,P003,,35218.0
773,O00822,P069,,66329.0
774,O00390,P076,1.0,
775,O00317,P033,2.0,
776,O00292,P069,2.0,51475.0
777,O00545,P031,3.0,44184.0
778,O00390,P018,3.0,
779,O00375,P040,1.0,
780,O01084,P004,0.0,40306.0
781,O00195,P079,4.0,35495.0
782,O00958,P021,4.0,
783,O00310,P012,0.0,
784,O00858,P015,2.0,68648.0
785,O00684,P005,3.0,84879.0
786,O01048,P063,,56180.0
787,O00748,P003,,47111.0
788,O01046,P005,4.0,8018.0
789,O00745,P051,1.0,43166.0
790,O00292,P026,1.0,
791,O00103,P066,,63348.0
792,O00458,P032,2.0,12440.0
793,O00366,P004,3.0,
794,O00302,P017,,
795,O00192,P005,4.0,
796,O00887,P078,2.0,6791.0
797,O00054,P016,0.0,
798,O01071,P025,0.0,
799,O00296,P035,4.0,55012.0
800,O00766,P052,2.0,24908.0
801,O00686,P001,1.0,9337.0
802,O01034,P014,,76493.0
803,O01163,P024,3.0,20563.0
804,O00254,P006,0.0,
805,O00123,P019,1.0,10901.0
806,O01050,P047,4.0,11652.0
807,O00678,P023,,19753.0
808,O00270,P070,3.0,34499.0
809,O00902,P029,4.0,74896.0
810,O00300,P054,3.0,
811,O01071,P021,2.0,39849.0
812,O00020,P047,0.0,
813,O00435,P035,4.0,8783.0
814,O00679,P062,3.0,
815,O00917,P013,4.0,20524.0
816,O00675,P007,0.0,82381.0
817,O01074,P062,0.0,
818,O00860,P010,0.0,
819,O00576,P020,3.0,
820,O00144,P073,,61970.0
821,O00345,P017,4.0,
822,O00171,P052,3.0,
823,O00271,P033,,10444.0
824,O00807,P021,4.0,32743.0
825,O00707,P057,1.0,
826,O00136,P078,0.0,86702.0
827,O00723,P038,,30232.0
828,O00578,P002,4.0,49415.0
829,O00248,P072,1.0,75907.0
830,O01017,P063,4.0,72473.0
831,O00756,P009,1.0,
832,O00580,P010,2.0,
833,O00946,P064,0.0,
834,O00751,P022,1.0,
835,O00051,P080,0.0,45528.0
836,O00621,P078,,
837,O01192,P013,3.0,
838,O01140,P070,,17010.0
839,O01085,P032,3.0,
840,O00408,P077,2.0,
841,O00120,P050,4.0,41680.0
842,O00947,P068,3.0,72470.0
843,O00529,P028,1.0,
844,O00001,P064,1.0,25696.0
845,O00321,P065,4.0,
846,O01174,P074,0.0,
847,O00254,P041,,
848,O00627,P017,3.0,18722.0
849,O00027,P025,,
850,O00339,P044,1.0,43654.0
851,O00760,P026,3.0,
852,O00982,P007,1.0,61681.0
853,O00278,P010,,23970.0
854,O00019,P050,3.0,
855,O00198,P076,4.0,72707.0
856,O00430,P071,3.0,86702.0
857,O00084,P019,2.0,
858,O00089,P052,4.0,
859,O00498,P053,2.0,
860,O00041,P034,,
861,O00205,P060,4.0,55826.0
862,O00913,P052,,
863,O00464,P066,2.0,18375.0
864,O00077,P025,0.0,
865,O01160,P045,0.0,
866,O00527,P039,4.0,29153.0
867,O00556,P069,,16783.0
868,O01030,P022,4.0,54952.0
869,O00242,P038,2.0,60844.0
870,O00407,P079,0.0,57240.0
871,O00266,P011,3.0,15710.0
872,O00944,P019,3.0,
873,O00425,P020,3.0,
874,O00134,P032,2.0,
875,O00165,P033,0.0,76814.0
876,O00375,P011,1.0,89556.0
877,O00538,P055,,87063.0
878,O00536,P012,3.0,63340.0
879,O00079,P015,0.0,
880,O00288,P052,1.0,49905.0
881,O01163,P048,,
882,O00994,P027,2.0,
883,O00492,P048,4.0,22799.0
884,O01124,P004,2.0,26159.0
885,O01111,P037,,36257.0
886,O00261,P056,2.0,
887,O01191,P022,,65655.0
888,O00577,P026,1.0,37838.0
889,O00880,P074,,39530.0
890,O00470,P006,1.0,
891,O00670,P072,3.0,
892,O00002,P020,4.0,
893,O00880,P049,2.0,68172.0
894,O00742,P025,1.0,
895,O00072,P062,2.0,
896,O00210,P070,4.0,
897,O00097,P066,4.0,42949.0
898,O01179,P072,1.0,
899,O00038,P050,0.0,76969.0
900,O00186,P006,3.0,25516.0
901,O00960,P078,1.0,
902,O00806,P070,1.0,
903,O00344,P073,,3245.0
904,O00402,P003,2.0,
905,O01125,P072,0.0,
906,O00060,P002,4.0,
907,O00345,P028,4.0,
908,O00066,P016,4.0,10847.0
909,O00011,P029,1.0,
910,O01035,P050,0.0,
911,O00856,P055,,39713.0
912,O00840,P010,1.0,53068.0
913,O00015,P065,,
914,O00896,P034,4.0,
915,O01061,P019,3.0,
916,O00626,P052,4.0,82526.0
917,O00804,P051,3.0,
918,O00328,P005,1.0,32552.0
919,O00913,P078,1.0,
920,O00170,P012,1.0,
921,O00300,P012,2.0,50028.0
922,O00292,P077,1.0,73488.0
923,O00806,P065,1.0,71730.0
924,O00483,P060,2.0,
925,O00973,P059,0.0,15618.0
926,O00867,P076,1.0,72171.0
927,O01047,P046,3.0,
928,O01022,P068,,
929,O00322,P047,0.0,
930,O00495,P062,2.0,
931,O00990,P027,3.0,
932,O00238,P058,4.0,40604.0
933,O00176,P051,1.0,56001.0
934,O00646,P029,4.0,58030.0
935,O00414,P047,0.0,
936,O00549,P028,3.0,38757.0
937,O00452,P022,2.0,
938,O00405,P027,3.0,
939,O00779,P067,2.0,6503.0
940,O00143,P066,3.0,23851.0
941,O00589,P025,4.0,
942,O00442,P077,1.0,
943,O00258,P072,,12628.0
944,O00930,P040,,
945,O00167,P078,,24986.0
946,O01006,P024,1.0,
947,O00398,P068,4.0,5967.0
948,O00783,P060,,
949,O00026,P068,3.0,9971.0
950,O00037,P034,4.0,
951,O00170,P022,4.0,
952,O00838,P041,0.0,84151.0
953,O00152,P072,1.0,
954,O00829,P010,1.0,
955,O00212,P025,3.0,
956,O00424,P028,3.0,
957,O00970,P065,4.0,18022.0
958,O00231,P057,0.0,15609.0
959,O01192,P066,1.0,23433.0
960,O00109,P009,2.0,
961,O00310,P022,2.0,
962,O01174,P029,0.0,26699.0
963,O00612,P079,1.0,
964,O00830,P048,,
965,O00603,P047,3.0,67544.0
966,O00846,P076,2.0,54223.0
967,O00458,P018,2.0,
968,O00293,P020,0.0,72487.0
969,O01198,P011,3.0,1846.0
970,O00485,P066,4.0,
971,O01054,P066,2.0,35025.0
972,O00215,P063,2.0,
973,O00781,P060,,
974,O00555,P035,3.0,
975,O00656,P076,1.0,69014.0
976,O00919,P061,0.0,38926.0
977,O00437,P010,2.0,
978,O00958,P039,3.0,15564.0
979,O00863,P003,1.0,
980,O01046,P005,,26558.0
981,O00569,P051,3.0,
982,O00300,P068,0.0,53459.0
983,O00674,P067,,
984,O00339,P034,4.0,21744.0
985,O00613,P033,3.0,
986,O00383,P022,,1960.0
987,O00142,P038,4.0,27961.0
988,O00612,P060,1.0,11160.0
989,O01027,P033,4.0,
990,O00240,P039,,
991,O00754,P033,,57995.0
992,O00383,P068,4.0,88163.0
993,O00993,P010,1.0,
994,O00176,P001,0.0,35681.0
995,O00849,P014,1.0,
996,O00735,P041,,
997,O01103,P011,,33021.0
998,O00862,P030,2.0,43618.0
999,O00921,P073,2.0,
1000,O01082,P031,4.0,
1001,O01049,P072,1.0,16284.0
1002,O00969,P022,2.0,
1003,O00814,P045,0.0,
1004,O00783,P079,,51743.0
1005,O00689,P038,3.0,87097.0
1006,O00750,P041,0.0,
1007,O00161,P010,0.0,
1008,O01133,P037,,49374.0
1009,O00718,P052,1.0,14892.0
1010,O00529,P035,,80686.0
1011,O01084,P042,4.0,18216.0
1012,O00786,P037,3.0,
1013,O00720,P062,1.0,
1014,O00444,P031,2.0,
1015,O00613,P069,3.0,38738.0
1016,O01128,P064,1.0,
1017,O00055,P065,1.0,79727.0
1018,O00443,P061,,
1019,O00294,P066,3.0,
1020,O00987,P016,0.0,
1021,O00180,P077,4.0,32031.0
1022,O01118,P015,4.0,11671.0
1023,O00219,P006,1.0,
1024,O00342,P017,0.0,
1025,O00750,P055,0.0,20137.0
1026,O00537,P052,4.0,31337.0
1027,O00032,P062,2.0,
1028,O00469,P008,3.0,
1029,O00851,P076,,65523.0
1030,O00722,P036,2.0,
1031,O00760,P059,1.0,
1032,O00009,P027,,
1033,O00348,P059,,
1034,O00387,P067,1.0,6700.0
1035,O00825,P016,0.0,34956.0
1036,O00966,P041,3.0,
1037,O00185,P063,3.0,
1038,O01040,P040,3.0,71147.0
1039,O00680,P021,0.0,39332.0
1040,O01143,P067,1.0,
1041,O00561,P061,,55463.0
1042,O00072,P045,3.0,61791.0
1043,O00696,P051,,
1044,O00025,P048,2.0,
1045,O01000,P026,3.0,
1046,O00020,P022,4.0,
1047,O01154,P017,0.0,
1048,O00147,P032,3.0,1953.0
1049,O01090,P036,1.0,28453.0
1050,O01191,P034,2.0,
1051,O00491,P001,0.0,
1052,O00945,P007,1.0,38130.0
1053,O00337,P062,0.0,
1054,O00852,P030,0.0,
1055,O00111,P032,2.0,
1056,O00918,P071,0.0,
1057,O00028,P025,2.0,
1058,O00173,P037,2.0,
1059,O00937,P022,2.0,12347.0
1060,O01032,P080,3.0,
1061,O00760,P070,3.0,
1062,O00775,P005,1.0,
1063,O00642,P065,0.0,27058.0
1064,O00225,P036,0.0,
1065,O00979,P020,2.0,6079.0
1066,O00050,P033,2.0,
1067,O00153,P026,3.0,6620.0
1068,O00556,P062,3.0,
1069,O00011,P021,,
1070,O00618,P017,4.0,86147.0
1071,O00703,P063,1.0,25656.0
1072,O00328,P053,2.0,44929.0
1073,O00203,P004,2.0,
1074,O00272,P052,4.0,
1075,O00208,P011,,
1076,O00970,P050,4.0,23013.0
1077,O00677,P017,1.0,
1078,O00186,P004,,24955.0
1079,O00059,P039,0.0,
1080,O01017,P019,,
1081,O00072,P025,1.0,35780.0
1082,O00489,P063,3.0,84965.0
1083,O00886,P012,3.0,
1084,O00752,P076,3.0,
1085,O00821,P037,4.0,
1086,O00619,P010,,
1087,O00101,P062,,
1088,O00253,P019,2.0,29779.0
1089,O00240,P019,0.0,
1090,O00998,P049,4.0,
1091,O01174,P011,4.0,
1092,O00067,P015,2.0,
1093,O00731,P039,,69940.0
1094,O00559,P068,2.0,
1095,O00204,P025,0.0,26361.0
1096,O00993,P006,1.0,76911.0
1097,O00524,P048,1.0,
1098,O00539,P011,1.0,
1099,O00293,P051,1.0,32522.0
1100,O00536,P033,0.0,4232.0
1101,O00104,P033,0.0,58232.0
1102,O00018,P068,,
1103,O00465,P073,4.0,12806.0
1104,O00053,P017,1.0,53317.0
1105,O00343,P051,0.0,2530.0
1106,O00477,P008,0.0,
1107,O00032,P079,2.0,
1108,O00327,P023,3.0,
1109,O00022,P003,1.0,14054.0
1110,O00629,P079,1.0,80319.0
1111,O01093,P004,1.0,25734.0
1112,O00729,P041,2.0,
1113,O00679,P002,,52963.0
1114,O01172,P023,,
1115,O00390,P033,2.0,44741.0
1116,O00292,P054,4.0,
1117,O00320,P030,1.0,75716.0
1118,O00490,P023,4.0,48471.0
1119,O00827,P073,0.0,59778.0
1120,O00708,P032,1.0,74948.0
1121,O00060,P027,1.0,53586.0
1122,O00298,P034,4.0,
1123,O00832,P068,3.0,
1124,O00723,P068,,
1125,O00873,P063,3.0,55180.0
1126,O00758,P059,1.0,
1127,O00772,P017,,
1128,O01058,P012,2.0,
1129,O00887,P056,3.0,8864.0
1130,O00090,P030,,
1131,O00556,P062,3.0,
1132,O00248,P063,4.0,
1133,O01029,P033,3.0,54325.0
1134,O00333,P043,2.0,
1135,O00227,P030,3.0,65476.0
1136,O01132,P064,1.0,
1137,O01124,P002,0.0,
1138,O00523,P059,0.0,79384.0
1139,O00345,P072,4.0,
1140,O00192,P033,3.0,
1141,O00973,P079,1.0,
1142,O00338,P035,4.0,
1143,O00159,P018,3.0,42452.0
1144,O00599,P077,3.0,
1145,O00999,P012,3.0,89980.0
1146,O00155,P014,2.0,
1147,O00640,P007,4.0,
1148,O01090,P024,1.0,
1149,O00584,P054,0.0,
1150,O00870,P013,3.0,
1151,O00104,P061,1.0,20923.0
1152,O00734,P027,0.0,
1153,O00635,P039,0.0,
1154,O00862,P068,1.0,
1155,O00328,P007,4.0,
1156,O00712,P080,0.0,24250.0
1157,O00101,P004,1.0,88764.0
1158,O00486,P025,,79076.0
1159,O00013,P044,3.0,14562.0
1160,O00348,P044,1.0,
1161,O01195,P020,0.0,
1162,O00529,P008,,
1163,O01136,P020,1.0,75188.0
1164,O00632,P058,4.0,
1165,O00120,P072,1.0,35729.0
1166,O00667,P034,3.0,47907.0
1167,O00405,P033,4.0,
1168,O00097,P046,3.0,9098.0
1169,O00310,P039,0.0,
1170,O00740,P026,1.0,23817.0
1171,O01081,P020,3.0,
1172,O00999,P042,0.0,19386.0
1173,O00850,P017,4.0,36949.0
1174,O00750,P020,,20808.0
1175,O00691,P014,1.0,
1176,O01129,P051,4.0,
1177,O00492,P017,1.0,33752.0
1178,O00250,P067,2.0,30826.0
1179,O00544,P001,4.0,5740.0
1180,O00554,P078,1.0,53426.0
1181,O00169,P069,2.0,
1182,O00190,P010,4.0,
1183,O00984,P016,3.0,36124.0
1184,O00305,P033,0.0,
1185,O00218,P068,2.0,
1186,O00281,P042,,
1187,O01177,P044,,80449.0
1188,O00398,P049,3.0,2979.0
1189,O00725,P021,,84653.0
1190,O01139,P049,3.0,38500.0
1191,O00394,P051,,86499.0
1192,O01099,P020,3.0,
1193,O00587,P020,4.0,4575.0
1194,O01124,P050,0.0,
1195,O00289,P038,2.0,77948.0
1196,O00202,P041,1.0,
1197,O00821,P059,3.0,
1198,O00241,P023,2.0,
1199,O01028,P035,,43260.0
1200,O00716,P067,2.0,
1201,O00115,P054,0.0,64414.0
1202,O00033,P050,3.0,
1203,O01008,P030,4.0,
1204,O00140,P064,2.0,59468.0
1205,O00227,P064,3.0,
1206,O00309,P060,0.0,28975.0
1207,O00868,P007,3.0,36451.0
1208,O01113,P080,3.0,63208.0
1209,O00818,P010,,6954.0
1210,O00788,P076,2.0,
1211,O01103,P047,2.0,
1212,O00216,P065,4.0,
1213,O00039,P052,1.0,
1214,O00614,P056,3.0,
1215,O00404,P019,4.0,31345.0
1216,O00382,P060,0.0,10270.0
1217,O00776,P033,0.0,18331.0
1218,O00264,P079,2.0,3742.0
1219,O00566,P018,2.0,
1220,O00304,P009,0.0,82068.0
1221,O01009,P003,1.0,40345.0
1222,O01003,P041,1.0,
1223,O00860,P033,,39720.0
1224,O00489,P076,3.0,30154.0
1225,O00543,P047,2.0,27083.0
1226,O01081,P076,4.0,62668.0
1227,O01165,P020,4.0,
1228,O00564,P052,3.0,56322.0
1229,O00093,P048,0.0,19544.0
1230,O01039,P024,1.0,45881.0
1231,O00834,P046,1.0,
1232,O00943,P040,4.0,
1233,O00581,P047,1.0,89224.0
1234,O00503,P063,1.0,21381.0
1235,O00347,P072,2.0,56618.0
1236,O00491,P041,4.0,75675.0
1237,O00817,P052,0.0,63723.0
1238,O01009,P075,2.0,50229.0
1239,O01024,P001,0.0,15040.0
1240,O00466,P045,4.0,
1241,O01028,P070,3.0,
1242,O00739,P074,2.0,48395.0
1243,O00647,P006,4.0,
1244,O00015,P025,,
1245,O00160,P078,4.0,61607.0
1246,O00145,P063,4.0,57212.0
1247,O00058,P076,2.0,
1248,O00505,P006,4.0,81691.0
1249,O00014,P039,,
1250,O00926,P048,4.0,
1251,O01046,P036,2.0,1626.0
1252,O00028,P003,,
1253,O00583,P020,4.0,64903.0
1254,O00683,P050,4.0,33085.0
1255,O00027,P054,3.0,49038.0
1256,O00426,P020,4.0,
1257,O00863,P024,1.0,74329.0
1258,O01006,P018,4.0,
1259,O00279,P033,1.0,70498.0
1260,O00947,P062,0.0,
1261,O00085,P046,0.0,76395.0
1262,O00181,P024,1.0,
1263,O00150,P042,0.0,35410.0
1264,O00235,P025,0.0,85365.0
1265,O00908,P026,1.0,
1266,O00075,P071,0.0,77028.0
1267,O00129,P010,,89446.0
1268,O01182,P002,,55994.0
1269,O00624,P046,2.0,
1270,O00897,P002,,21876.0
1271,O00936,P074,2.0,
1272,O00075,P040,2.0,
1273,O00443,P005,1.0,40732.0
1274,O00022,P041,,23536.0
1275,O00561,P037,1.0,
1276,O00204,P062,3.0,
1277,O00529,P038,1.0,56616.0
1278,O00783,P014,2.0,7298.0
1279,O00848,P022,3.0,9588.0
1280,O01131,P020,0.0,
1281,O01080,P052,4.0,
1282,O00080,P046,1.0,84550.0
1283,O01045,P075,3.0,67962.0
1284,O00536,P051,3.0,54184.0
1285,O00693,P045,3.0,57773.0
1286,O00903,P027,1.0,
1287,O00889,P017,4.0,29917.0
1288,O00754,P015,,
1289,O00077,P015,,
1290,O00294,P031,0.0,
1291,O00680,P062,2.0,74431.0
1292,O01011,P043,3.0,52631.0
1293,O00002,P026,0.0,61323.0
1294,O00085,P012,4.0,
1295,O00113,P033,3.0,69715.0
1296,O00279,P075,1.0,25729.0
1297,O01049,P064,0.0,35441.0
1298,O00223,P033,3.0,
1299,O00097,P032,4.0,
1300,O00644,P071,1.0,
1301,O00253,P010,4.0,60785.0
1302,O00228,P014,,
1303,O00779,P069,,12529.0
1304,O00955,P014,0.0,34146.0
1305,O01152,P065,1.0,
1306,O00574,P030,2.0,
1307,O00018,P012,1.0,
1308,O00215,P028,,
1309,O00269,P010,3.0,22464.0
1310,O00169,P029,1.0,
1311,O01073,P023,,42365.0
1312,O00045,P044,4.0,
1313,O00804,P068,3.0,
1314,O00430,P008,1.0,20782.0
1315,O00056,P022,4.0,
1316,O00686,P066,3.0,
1317,O01162,P011,2.0,86191.0
1318,O00362,P019,,
1319,O00516,P043,4.0,5346.0
1320,O00546,P017,4.0,7617.0
1321,O00972,P013,1.0,
1322,O01048,P066,2.0,23192.0
1323,O01022,P027,3.0,
1324,O00837,P059,1.0,
1325,O00556,P047,3.0,
1326,O00755,P054,,
1327,O00383,P076,3.0,
1328,O00640,P077,1.0,38206.0
1329,O00147,P055,1.0,43198.0
1330,O00571,P014,4.0,
1331,O00964,P058,0.0,4043.0
1332,O00618,P023,2.0,13478.0
1333,O00614,P009,3.0,
1334,O01023,P041,4.0,
1335,O00978,P055,1.0,24933.0
1336,O00136,P078,,46377.0
1337,O00254,P006,1.0,88123.0
1338,O00273,P010,1.0,
1339,O00825,P076,3.0,
1340,O00107,P041,2.0,
1341,O01170,P040,,37562.0
1342,O00720,P063,,67007.0
1343,O00043,P007,3.0,63661.0
1344,O00614,P026,0.0,
1345,O00496,P029,1.0,86292.0
1346,O00523,P015,2.0,85305.0
1347,O00194,P021,4.0,2678.0
1348,O00809,P010,4.0,
1349,O00681,P010,,
1350,O00580,P015,0.0,87369.0
1351,O00973,P026,4.0,
1352,O00720,P018,0.0,87099.0
1353,O01001,P061,0.0,71257.0
1354,O00121,P033,0.0,11965.0
1355,O01045,P053,0.0,17936.0
1356,O00277,P010,2.0,87063.0
1357,O00297,P019,,
1358,O00647,P043,0.0,
1359,O00466,P056,0.0,
1360,O00859,P076,,
1361,O01163,P026,0.0,68997.0
1362,O00072,P079,2.0,82232.0
1363,O00830,P051,,32945.0
1364,O00894,P050,1.0,78253.0
1365,O00119,P068,,
1366,O00572,P014,,60647.0
1367,O00993,P052,4.0,
1368,O00383,P055,1.0,53094.0
1369,O00338,P026,3.0,
1370,O00070,P034,3.0,
1371,O00940,P042,0.0,
1372,O01191,P076,2.0,89156.0
1373,O00452,P017,4.0,
1374,O01052,P036,4.0,25557.0
1375,O00207,P016,1.0,
1376,O00569,P048,4.0,45360.0
1377,O01157,P059,1.0,24694.0
1378,O00820,P033,2.0,20039.0
1379,O00803,P079,0.0,4318.0
1380,O01068,P059,,
1381,O00971,P068,1.0,79414.0
1382,O00725,P041,4.0,76875.0
1383,O01038,P054,2.0,
1384,O00179,P078,1.0,
1385,O00396,P035,0.0,
1386,O00898,P072,0.0,49574.0
1387,O00462,P059,3.0,77964.0
1388,O00340,P054,2.0,
1389,O00271,P055,,
1390,O00737,P023,3.0,
1391,O00954,P073,,64669.0
1392,O00282,P072,0.0,
1393,O01034,P061,3.0,
1394,O00929,P071,3.0,
1395,O00397,P077,2.0,50487.0
1396,O00331,P052,4.0,
1397,O00042,P052,3.0,64867.0
1398,O00698,P036,3.0,69624.0
1399,O00216,P013,3.0,
1400,O00292,P076,1.0,54344.0
1401,O00311,P079,4.0,59283.0
1402,O00936,P013,0.0,
1403,O00873,P003,3.0,
1404,O01141,P019,1.0,
1405,O00323,P029,1.0,30899.0
1406,O00863,P028,,
1407,O00412,P002,,
1408,O00465,P033,4.0,
1409,O00485,P054,,24720.0
1410,O00435,P017,3.0,
1411,O00366,P055,3.0,
1412,O00693,P008,2.0,
1413,O00301,P030,4.0,
1414,O01012,P047,1.0,
1415,O01102,P009,3.0,
1416,O00236,P071,,26470.0
1417,O00908,P076,2.0,
1418,O01169,P041,2.0,10707.0
1419,O00245,P050,4.0,
1420,O00327,P039,2.0,53326.0
1421,O00508,P022,0.0,86883.0
1422,O01165,P065,4.0,15354.0
1423,O00634,P061,0.0,10258.0
1424,O01159,P064,2.0,56123.0
1425,O00435,P068,0.0,53379.0
1426,O00392,P055,4.0,9573.0
1427,O00549,P023,3.0,88815.0
1428,O00462,P063,4.0,
1429,O01158,P030,1.0,54048.0
1430,O00067,P040,,
1431,O00760,P040,4.0,75390.0
1432,O00127,P007,1.0,
1433,O00126,P014,,36532.0
1434,O00086,P060,3.0,
1435,O00792,P057,0.0,
1436,O00755,P002,4.0,
1437,O00497,P002,3.0,1509.0
1438,O01157,P063,3.0,
1439,O01103,P074,1.0,82821.0
1440,O00177,P070,3.0,9813.0
1441,O00547,P049,0.0,14029.0
1442,O01161,P035,1.0,28431.0
1443,O00927,P029,3.0,57922.0
1444,O00234,P062,1.0,
1445,O00509,P010,0.0,
1446,O00631,P054,0.0,43685.0
1447,O01169,P006,,46204.0
1448,O00318,P052,,54725.0
1449,O00899,P048,3.0,31760.0
1450,O00627,P043,2.0,62152.0
1451,O00716,P067,0.0,
1452,O00009,P055,,59375.0
1453,O00692,P047,,22627.0
1454,O00884,P044,2.0,
1455,O00375,P059,2.0,30185.0
1456,O00376,P080,2.0,
1457,O00426,P072,0.0,
1458,O00779,P039,4.0,31556.0
1459,O00459,P048,,
1460,O01150,P033,1.0,51419.0
1461,O00400,P002,4.0,88990.0
1462,O00091,P077,,
1463,O00863,P048,2.0,46431.0
1464,O01141,P055,2.0,3792.0
1465,O01166,P052,3.0,57691.0
1466,O01133,P038,,89418.0
1467,O00631,P053,1.0,
1468,O00315,P002,4.0,63506.0
1469,O00502,P076,4.0,
1470,O00117,P014,0.0,1079.0
1471,O00355,P007,4.0,43173.0
1472,O00098,P008,,
1473,O00872,P072,3.0,
1474,O00284,P056,1.0,
1475,O00419,P056,3.0,
1476,O00370,P004,0.0,37797.0
1477,O00131,P061,2.0,
1478,O00613,P060,0.0,80163.0
1479,O01041,P014,1.0,
1480,O00147,P046,3.0,65993.0
1481,O00164,P077,2.0,
1482,O00863,P060,0.0,
1483,O00206,P023,4.0,55038.0
1484,O00593,P017,,61500.0
1485,O00377,P043,2.0,
1486,O01051,P022,,6565.0
1487,O00041,P076,1.0,
1488,O00489,P043,2.0,72197.0
1489,O00822,P022,0.0,
1490,O00400,P053,4.0,16242.0
1491,O00971,P014,0.0,20844.0
1492,O00778,P043,0.0,
1493,O00862,P034,1.0,78401.0
1494,O00715,P031,2.0,
1495,O00985,P026,0.0,
1496,O01153,P029,1.0,
1497,O00949,P018,0.0,36001.0
1498,O00871,P008,4.0,
1499,O00970,P038,,9035.0
1500,O00111,P022,0.0,
1501,O01133,P059,3.0,
1502,O00433,P018,0.0,40538.0
1503,O00559,P067,2.0,85858.0
1504,O00279,P023,4.0,51782.0
1505,O00441,P033,4.0,
1506,O00921,P037,4.0,
1507,O00507,P040,0.0,36892.0
1508,O00340,P046,4.0,33313.0
1509,O00773,P059,3.0,
1510,O00455,P057,1.0,88505.0
1511,O00201,P068,0.0,
1512,O00676,P010,3.0,71689.0
1513,O00530,P031,1.0,52620.0
1514,O00186,P045,3.0,25258.0
1515,O00805,P072,1.0,80267.0
1516,O01116,P035,2.0,21321.0
1517,O00142,P067,4.0,18177.0
1518,O00598,P058,1.0,
1519,O00168,P072,0.0,
1520,O01124,P076,3.0,56239.0
1521,O00746,P072,4.0,76123.0
1522,O00253,P025,2.0,42362.0
1523,O00811,P058,3.0,2885.0
1524,O00963,P060,,
1525,O00478,P003,1.0,
1526,O01067,P073,0.0,
1527,O01022,P058,,57209.0
1528,O00633,P025,4.0,56143.0
1529,O00640,P068,4.0,
1530,O01188,P060,0.0,
1531,O00828,P047,,47827.0
1532,O00015,P075,2.0,56095.0
1533,O00685,P073,0.0,
1534,O00727,P073,0.0,
1535,O00429,P033,0.0,37976.0
1536,O01041,P077,,
1537,O00293,P032,,
1538,O00225,P040,3.0,
1539,O01184,P065,2.0,
1540,O00681,P023,2.0,84153.0
1541,O01095,P052,1.0,39657.0
1542,O00674,P059,,
1543,O00442,P055,,31189.0
1544,O00934,P031,0.0,
1545,O00125,P002,,
1546,O00559,P065,0.0,
1547,O00504,P030,0.0,28606.0
1548,O00494,P014,0.0,
1549,O00911,P042,4.0,
1550,O00495,P067,3.0,
1551,O00525,P069,2.0,24661.0
1552,O00490,P057,2.0,
1553,O00895,P004,0.0,3445.0
1554,O01140,P079,2.0,54464.0
1555,O00703,P034,4.0,63714.0
1556,O00353,P028,2.0,
1557,O00135,P042,3.0,39688.0
1558,O00644,P048,4.0,
1559,O00271,P018,1.0,54965.0
1560,O00006,P054,2.0,
1561,O00528,P029,2.0,53433.0
1562,O01156,P030,0.0,
1563,O00842,P069,,60021.0
1564,O00979,P007,2.0,
1565,O00888,P024,0.0,23386.0
1566,O00360,P059,1.0,
1567,O01089,P041,0.0,60933.0
1568,O01085,P004,,6621.0
1569,O00718,P035,4.0,
1570,O00827,P054,4.0,
1571,O00041,P004,2.0,
1572,O00615,P032,2.0,74348.0
1573,O00999,P017,1.0,25381.0
1574,O00461,P054,0.0,58260.0
1575,O00988,P013,2.0,
1576,O00644,P037,3.0,
1577,O00791,P055,2.0,41807.0
1578,O00143,P032,,
1579,O01023,P028,4.0,34950.0
1580,O00311,P023,1.0,62580.0
1581,O00094,P054,2.0,65125.0
1582,O01042,P059,1.0,11925.0
1583,O00513,P035,4.0,33402.0
1584,O00576,P010,3.0,
1585,O00620,P060,,6238.0
1586,O00280,P010,,
1587,O00179,P016,4.0,
1588,O00100,P070,4.0,78750.0
1589,O01122,P042,,
1590,O00072,P016,,80099.0
1591,O00830,P034,,40941.0
1592,O00350,P021,,
1593,O00268,P054,,68910.0
1594,O00615,P048,0.0,3449.0
1595,O00405,P080,,
1596,O00176,P065,1.0,
1597,O00796,P010,2.0,75192.0
1598,O00721,P018,3.0,
1599,O00431,P053,1.0,
1600,O00637,P032,,89672.0
1601,O00843,P078,2.0,
1602,O00024,P045,,47069.0
1603,O00259,P076,4.0,47864.0
1604,O00409,P075,0.0,78121.0
1605,O00227,P037,4.0,34495.0
1606,O00627,P039,1.0,26246.0
1607,O00717,P033,0.0,3008.0
1608,O00025,P062,1.0,13145.0
1609,O00193,P071,1.0,
1610,O00459,P015,1.0,45033.0
1611,O00338,P065,1.0,30235.0
1612,O00015,P061,1.0,41497.0
1613,O00131,P012,1.0,8460.0
1614,O00606,P068,3.0,
1615,O00816,P076,1.0,
1616,O00197,P079,2.0,52318.0
1617,O01006,P074,3.0,57819.0
1618,O00272,P058,3.0,22941.0
1619,O00823,P036,,37288.0
1620,O00928,P023,1.0,75748.0
1621,O00517,P039,3.0,
1622,O00728,P077,4.0,
1623,O00106,P036,,58708.0
1624,O00462,P052,3.0,89941.0
1625,O00292,P037,0.0,15033.0
1626,O00927,P024,1.0,
1627,O00456,P074,4.0,
1628,O01159,P048,,
1629,O00950,P079,,
1630,O00241,P072,4.0,
1631,O00931,P061,3.0,
1632,O00995,P070,4.0,29335.0
1633,O00485,P059,2.0,6466.0
1634,O01117,P048,1.0,
1635,O00299,P053,1.0,
1636,O00380,P041,4.0,
1637,O00669,P043,3.0,1512.0
1638,O00705,P033,1.0,
1639,O00863,P077,3.0,43889.0
1640,O01051,P019,,55473.0
1641,O00238,P017,3.0,48128.0
1642,O00612,P052,2.0,
1643,O00729,P055,3.0,
1644,O00749,P067,1.0,
1645,O01114,P022,3.0,37979.0
1646,O00228,P039,1.0,49745.0
1647,O00872,P064,,72978.0
1648,O00827,P002,,64082.0
1649,O00695,P013,2.0,
1650,O00715,P012,1.0,
1651,O00565,P006,,
1652,O01157,P074,1.0,32639.0
1653,O00788,P038,,3939.0
1654,O00102,P040,0.0,
1655,O00548,P071,3.0,19203.0
1656,O00016,P048,2.0,
1657,O00199,P022,4.0,16612.0
1658,O00826,P022,4.0,7671.0
1659,O01118,P039,4.0,
1660,O00113,P062,3.0,
1661,O00034,P028,3.0,1648.0
1662,O01122,P080,,
1663,O00235,P013,2.0,36135.0
1664,O00730,P076,4.0,
1665,O00685,P022,1.0,
1666,O00896,P065,,
1667,O00459,P037,3.0,4233.0
1668,O00998,P076,,45890.0
1669,O00112,P056,2.0,
1670,O01032,P076,3.0,
1671,O00171,P075,4.0,88284.0
1672,O01026,P062,4.0,
1673,O01008,P040,3.0,
1674,O00431,P071,3.0,
1675,O00498,P072,4.0,
1676,O00182,P056,2.0,34557.0
1677,O00790,P072,,
1678,O00122,P020,0.0,
1679,O01159,P008,1.0,23334.0
1680,O00577,P005,0.0,66857.0
1681,O00612,P003,,
1682,O00091,P018,1.0,67465.0
1683,O00466,P074,4.0,35034.0
1684,O00261,P017,,85695.0
1685,O00249,P043,1.0,44514.0
1686,O00295,P029,0.0,
1687,O01131,P052,2.0,35419.0
1688,O01077,P022,1.0,
1689,O01152,P050,,
1690,O00263,P052,3.0,52743.0
1691,O00904,P044,1.0,
1692,O00953,P068,4.0,
1693,O00552,P005,2.0,
1694,O00744,P023,3.0,31748.0
1695,O00412,P080,2.0,
1696,O01174,P021,3.0,88435.0
1697,O00483,P033,4.0,
1698,O00035,P076,1.0,
1699,O00627,P040,4.0,
1700,O00828,P042,4.0,47042.0
1701,O01048,P066,,65148.0
1702,O00026,P016,3.0,38225.0
1703,O00835,P059,2.0,29358.0
1704,O00540,P025,1.0,14994.0
1705,O00604,P066,3.0,
1706,O00340,P062,0.0,58845.0
1707,O00827,P067,,17737.0
1708,O00992,P031,3.0,18396.0
1709,O00833,P020,3.0,
1710,O00192,P031,4.0,
1711,O00425,P024,,
1712,O00233,P063,1.0,
1713,O00533,P062,0.0,
1714,O00853,P066,2.0,53958.0
1715,O00438,P036,,25228.0
1716,O00594,P029,1.0,5953.0
1717,O00802,P039,4.0,
1718,O00495,P061,0.0,
1719,O00081,P006,2.0,
1720,O00693,P076,1.0,44206.0
1721,O00878,P031,4.0,57731.0
1722,O00137,P010,0.0,47877.0
1723,O00043,P055,0.0,
1724,O00387,P039,,37935.0
1725,O00833,P059,,61801.0
1726,O00473,P076,,
1727,O01042,P040,0.0,
1728,O00410,P037,0.0,70501.0
1729,O00015,P051,0.0,
1730,O00605,P001,0.0,37769.0
1731,O01053,P076,3.0,6891.0
1732,O01107,P055,1.0,
1733,O00431,P007,,
1734,O00753,P036,1.0,42028.0
1735,O00290,P077,2.0,
1736,O00178,P052,,72352.0
1737,O00905,P046,2.0,
1738,O00457,P044,1.0,86168.0
1739,O00927,P020,1.0,25732.0
1740,O00824,P017,2.0,84077.0
1741,O00092,P031,4.0,79272.0
1742,O00325,P017,4.0,
1743,O01120,P060,2.0,
1744,O00383,P040,2.0,14696.0
1745,O00866,P010,4.0,34089.0
1746,O00835,P050,,53856.0
1747,O00102,P044,4.0,
1748,O00451,P029,0.0,20997.0
1749,O00863,P061,2.0,
1750,O00928,P061,1.0,23706.0
1751,O01191,P034,0.0,12394.0
1752,O00635,P043,4.0,
1753,O00846,P058,2.0,82476.0
1754,O00665,P076,2.0,78596.0
1755,O00896,P057,3.0,56595.0
1756,O01161,P022,3.0,61496.0
1757,O00580,P079,4.0,54019.0
1758,O00939,P015,1.0,62680.0
1759,O00031,P038,,
1760,O00309,P068,0.0,68387.0
1761,O01072,P062,0.0,81703.0
1762,O00332,P028,2.0,2083.0
1763,O00987,P047,4.0,61995.0
1764,O01035,P032,2.0,9582.0
1765,O00871,P006,3.0,53417.0
1766,O00515,P059,1.0,18241.0
1767,O00820,P042,4.0,35319.0
1768,O00580,P015,3.0,
1769,O00490,P010,,24011.0
1770,O00118,P039,1.0,
1771,O00128,P013,3.0,
1772,O00900,P058,0.0,
1773,O00308,P018,0.0,16859.0
1774,O00586,P012,4.0,69259.0
1775,O00896,P030,3.0,40678.0
1776,O00338,P035,2.0,40862.0
1777,O00748,P049,0.0,
1778,O00591,P052,,21522.0
1779,O00040,P043,,
1780,O00795,P001,4.0,
1781,O00653,P070,0.0,
1782,O00226,P045,3.0,
1783,O00901,P019,1.0,17288.0
1784,O00192,P057,0.0,10414.0
1785,O00783,P056,2.0,
1786,O00690,P074,,
1787,O00009,P040,2.0,
1788,O00812,P038,3.0,60117.0
1789,O00777,P050,3.0,
1790,O00737,P020,1.0,49753.0
1791,O00110,P018,1.0,
1792,O00681,P037,1.0,
1793,O00331,P032,1.0,38474.0
1794,O00178,P020,3.0,38468.0
1795,O01181,P043,2.0,77000.0
1796,O00044,P014,,
1797,O00560,P050,,
1798,O00344,P067,4.0,1675.0
1799,O00171,P072,2.0,
1800,O00783,P059,,57633.0
1801,O01055,P066,3.0,67599.0
1802,O00536,P008,,51763.0
1803,O00814,P017,,59615.0
1804,O00462,P011,4.0,
1805,O00977,P058,0.0,
1806,O00848,P012,2.0,11798.0
1807,O00909,P022,1.0,
1808,O00141,P044,4.0,80615.0
1809,O00315,P078,2.0,12662.0
1810,O00879,P076,0.0,
1811,O00013,P053,2.0,
1812,O00044,P008,1.0,
1813,O00851,P035,3.0,
1814,O00575,P080,0.0,80491.0
1815,O00217,P060,1.0,
1816,O00137,P029,4.0,79181.0
1817,O00521,P052,0.0,31560.0
1818,O00257,P021,,57252.0
1819,O00873,P007,0.0,20482.0
1820,O00868,P029,2.0,34307.0
1821,O00128,P010,1.0,19399.0
1822,O00785,P004,2.0,21949.0
1823,O00670,P017,3.0,
1824,O00613,P056,,
1825,O00009,P030,0.0,
1826,O00439,P019,4.0,
1827,O00158,P028,4.0,23752.0
1828,O01178,P048,2.0,
1829,O01088,P013,,34006.0
1830,O00063,P062,2.0,
1831,O00098,P072,1.0,
1832,O00117,P075,2.0,76545.0
1833,O00710,P074,2.0,2501.0
1834,O00783,P048,0.0,
1835,O00385,P011,3.0,
1836,O00333,P038,4.0,71798.0
1837,O00766,P069,3.0,
1838,O00638,P026,0.0,
1839,O00889,P044,0.0,61684.0
1840,O00816,P076,3.0,
1841,O00796,P063,0.0,
1842,O00091,P054,4.0,32153.0
1843,O00618,P050,2.0,
1844,O01086,P032,4.0,
1845,O00754,P033,4.0,
1846,O00769,P044,,20551.0
1847,O00588,P022,4.0,37050.0
1848,O00225,P009,3.0,29485.0
1849,O01000,P059,2.0,
1850,O01012,P062,,22960.0
1851,O00878,P060,,
1852,O01109,P043,3.0,
1853,O01135,P011,1.0,66729.0
1854,O00903,P049,,17934.0
1855,O00513,P011,1.0,
1856,O01020,P040,,
1857,O00925,P046,3.0,
1858,O00592,P025,2.0,
1859,O00070,P058,2.0,
1860,O01080,P043,1.0,
1861,O00440,P012,0.0,
1862,O00996,P062,3.0,25045.0
1863,O00706,P067,0.0,85639.0
1864,O00260,P012,1.0,8773.0
1865,O01122,P036,,82191.0
1866,O00035,P020,0.0,
1867,O01101,P064,0.0,
1868,O00790,P034,0.0,77081.0
1869,O00154,P022,1.0,
1870,O00064,P070,4.0,67368.0
1871,O00647,P052,0.0,
1872,O00288,P080,2.0,
1873,O00480,P003,3.0,
1874,O00012,P062,1.0,
1875,O00772,P012,0.0,73196.0
1876,O00309,P006,2.0,
1877,O00581,P048,3.0,
1878,O00520,P026,0.0,28233.0
1879,O00462,P058,3.0,16821.0
1880,O01042,P046,2.0,77952.0
1881,O00926,P056,2.0,
1882,O00323,P072,4.0,16170.0
1883,O00565,P058,1.0,30080.0
1884,O01103,P054,1.0,
1885,O00541,P073,0.0,
1886,O01023,P077,,
1887,O00212,P057,2.0,38519.0
1888,O00657,P051,,76599.0
1889,O00013,P032,2.0,
1890,O00021,P039,2.0,87975.0
1891,O00335,P014,0.0,
1892,O00659,P067,3.0,35007.0
1893,O00554,P006,3.0,
1894,O00271,P031,0.0,24853.0
1895,O01075,P052,2.0,45552.0
1896,O00590,P017,0.0,77242.0
1897,O00436,P030,4.0,
1898,O00037,P052,3.0,
1899,O00204,P031,,84047.0
1900,O00016,P020,1.0,68521.0
1901,O00254,P049,0.0,
1902,O01083,P020,1.0,
1903,O01189,P010,0.0,
1904,O00312,P031,3.0,
1905,O00753,P018,0.0,74253.0
1906,O00802,P021,3.0,37593.0
1907,O00358,P020,0.0,22412.0
1908,O00414,P078,3.0,
1909,O00027,P033,1.0,30928.0
1910,O00085,P006,3.0,74364.0
1911,O00726,P068,1.0,45680.0
1912,O01099,P060,1.0,55173.0
1913,O00100,P059,4.0,28604.0
1914,O00816,P013,0.0,
1915,O00535,P033,,25126.0
1916,O00960,P077,0.0,
1917,O00593,P028,4.0,
1918,O00182,P025,0.0,
1919,O00871,P075,2.0,72184.0
1920,O00488,P008,,
1921,O00855,P047,4.0,21102.0
1922,O00989,P010,3.0,
1923,O00708,P033,1.0,18943.0
1924,O01109,P055,,
1925,O00473,P023,2.0,
1926,O01188,P030,4.0,1645.0
1927,O00277,P073,,35128.0
1928,O00792,P028,4.0,58938.0
1929,O00870,P010,1.0,30058.0
1930,O00218,P007,1.0,
1931,O01188,P016,0.0,10379.0
1932,O00702,P076,,
1933,O00601,P042,2.0,
1934,O00794,P072,1.0,74571.0
1935,O00091,P073,3.0,74774.0
1936,O00204,P040,3.0,84109.0
1937,O00001,P025,,
1938,O00313,P060,1.0,
1939,O00135,P027,0.0,1994.0
1940,O00517,P004,,
1941,O00630,P008,1.0,
1942,O00528,P048,3.0,
1943,O00822,P068,1.0,
1944,O00325,P020,3.0,
1945,O00739,P005,2.0,30268.0
1946,O00274,P035,1.0,65120.0
1947,O01070,P065,4.0,
1948,O00017,P059,4.0,
1949,O00134,P071,,70926.0
1950,O00292,P006,3.0,67443.0
1951,O00281,P039,4.0,68545.0
1952,O00186,P068,3.0,
1953,O01192,P065,3.0,
1954,O00218,P057,2.0,
1955,O00220,P033,4.0,73770.0
1956,O00538,P049,4.0,
1957,O01036,P029,0.0,17249.0
1958,O00142,P067,4.0,
1959,O00830,P062,4.0,76434.0
1960,O00704,P026,3.0,
1961,O00649,P040,3.0,27156.0
1962,O00892,P029,0.0,
1963,O00705,P015,2.0,
1964,O00159,P079,2.0,
1965,O00020,P043,,
1966,O00815,P058,1.0,
1967,O01150,P034,3.0,22366.0
1968,O00536,P033,0.0,
1969,O00994,P003,3.0,
1970,O00497,P080,1.0,54166.0
1971,O00680,P013,1.0,
1972,O00494,P063,2.0,8530.0
1973,O01045,P038,2.0,
1974,O00399,P035,3.0,18969.0
1975,O01115,P069,3.0,38257.0
1976,O00515,P029,4.0,
1977,O00313,P066,4.0,59566.0
1978,O00795,P022,,
1979,O00401,P062,0.0,
1980,O01055,P026,1.0,70827.0
1981,O00600,P056,3.0,22809.0
1982,O01017,P072,4.0,
1983,O00546,P016,0.0,
1984,O00272,P035,1.0,31684.0
1985,O01084,P039,1.0,52954.0
1986,O00692,P053,1.0,
1987,O00463,P076,4.0,70585.0
1988,O00735,P033,2.0,
1989,O00248,P052,2.0,
1990,O00573,P045,3.0,63064.0
1991,O00201,P011,4.0,33450.0
1992,O00734,P026,2.0,
1993,O00330,P023,3.0,40670.0
1994,O00899,P054,,51205.0
1995,O00364,P005,3.0,
1996,O00944,P007,4.0,64106.0
1997,O00629,P017,4.0,
1998,O00703,P008,0.0,76524.0
1999,O01083,P043,3.0,18251.0
2000,O00596,P010,,33991.0
689,O01021,P004,0.0,
436,O00386,P012,3.0,31320.0
1596,O00176,P065,1.0,
1775,O00896,P030,3.0,40678.0
1904,O00312,P031,3.0,
1420,O00327,P039,2.0,53326.0
411,O01054,P072,0.0,85189.0
697,O00355,P063,4.0,55126.0
1006,O00750,P041,0.0,
861,O00205,P060,4.0,55826.0
1532,O00015,P075,2.0,56095.0
111,O01090,P018,0.0,41057.0
1261,O00085,P046,0.0,76395.0
746,O00155,P031,1.0,
360,O00523,P076,0.0,49730.0
159,O00727,P002,1.0,34931.0
988,O00612,P060,1.0,11160.0
982,O00300,P068,0.0,53459.0
1372,O01191,P076,2.0,89156.0
1502,O00433,P018,0.0,40538.0
306,O00354,P053,0.0,
1849,O01000,P059,2.0,
635,O00776,P062,1.0,16837.0
549,O00681,P002,3.0,63663.0
1203,O01008,P030,4.0,
1767,O00820,P042,4.0,35319.0
546,O00636,P010,,
197,O00301,P003,3.0,60818.0
310,O01018,P050,1.0,39396.0
594,O00372,P057,,
1213,O00039,P052,1.0,
719,O00309,P029,4.0,
650,O00458,P040,,17163.0
276,O00571,P022,1.0,20373.0
1772,O00900,P058,0.0,
1583,O00513,P035,4.0,33402.0
1814,O00575,P080,0.0,80491.0
716,O00473,P040,3.0,55590.0
1805,O00977,P058,0.0,
156,O00621,P020,1.0,
1161,O01195,P020,0.0,
1316,O00686,P066,3.0,
997,O01103,P011,,33021.0
1601,O00843,P078,2.0,
999,O00921,P073,2.0,
1166,O00667,P034,3.0,47907.0
841,O00120,P050,4.0,41680.0
399,O00053,P055,,
545,O01182,P005,3.0,
1233,O00581,P047,1.0,89224.0
